{
  "name": "d3-queue",
  "description": "Evaluate asynchronous tasks with configurable concurrency.",
  "main": "d3-queue.js",
  "license": "BSD-3-Clause",
  "ignore": [],
  "homepage": "https://github.com/d3/d3-queue-bower",
  "version": "3.0.1",
  "_release": "3.0.1",
  "_resolution": {
    "type": "version",
    "tag": "v3.0.1",
    "commit": "4c75fb6a4cc1c5082b36bf74bcdac82eba667067"
  },
  "_source": "https://github.com/d3/d3-queue-bower.git",
  "_target": "^3.0.1",
  "_originalSource": "d3-queue",
  "_direct": true
}