{
  "name": "abdmob/x2js",
  "version": "1.2.0",
  "main": "xml2json.min.js",
  "description": "XML <=> JSON mapping/converting library",
  "license": "Apache Licence v2",
  "ignore": [
    ".hg*",
    ".project",
    "*.html",
    "**/*.txt"
  ],
  "homepage": "https://github.com/abdmob/x2js",
  "_release": "1.2.0",
  "_resolution": {
    "type": "version",
    "tag": "v1.2.0",
    "commit": "185e410b3fa621070fea1f86a389b477afa216b9"
  },
  "_source": "https://github.com/abdmob/x2js.git",
  "_target": "^1.2.0",
  "_originalSource": "x2js",
  "_direct": true
}